Georgeanna,Branno,28,Igurubi
Tabbie,Clymo,27,Koímisi
Glenn,Mash,3,Yataity del Norte
Manfred,Downey,19,Bāmyān
Fulvia,Skeath,5,Divinópolis
Guillaume,Ticehurst,11,Yuen Long Kau Hui
Georgeanna,Espinay,27,Medellín
Kim,Orwin,2,Hamburg
Skyler,Fransemai,5,Peicheng
Brit,Kippin,3,Kingersheim
Alley,Camus,25,Leping
Gannon,Rosenstengel,26,Duncan Town
Hailey,Box,14,Newport News
Georgetta,Clemes,23,Malabugas
Irwinn,Shawley,24,Omaha
Flory,Gosby,23,Toulouse
Holly-anne,Quenby,28,Gaoqiu
Candide,Priel,2,Czarnowąsy
Neely,Ashelford,7,Ubinskoye
Torrie,Dunkerly,10,Ludvika
Kirsteni,Degnen,15,Hecheng
Drake,Alenshev,6,Cisalakdesa
Hernando,Loftin,4,Kadubadak
Trish,Frontczak,18,Lionel Town
Henka,Heard,26,Sol’tsy
Alaine,Vassall,1,Dhuusamarreeb
Henrietta,Portwaine,28,Wuyang
Rogerio,McRannell,21,Södertälje
Marlyn,Stammers,26,Mabugang
Eleni,Shattock,12,Fershampenuaz
Darill,Veldman,28,Pumwani
Josiah,Mapledoore,2,Gaojiabu
Angil,McGeffen,14,Tasböget
Karney,Harte,19,Ramat Yishay
Ana,Slane,14,São Francisco do Conde
Cortney,McKune,25,Zhusha
Doyle,Alcalde,11,Fuyo
Miltie,Beardsell,3,Barengkok
Stern,Hanigan,6,Cempaka
Gae,Tidman,8,Jalingo
Elli,Baxstar,20,Zalesnoye
Leshia,Mawdsley,11,Hitachi-Naka
Katinka,Riolfo,30,Manggis
Georgetta,Cosson,30,Leiria
Nickola,Redgate,14,As Sūq al Jadīd
Roze,Breming,20,Ke’erlun
Frasier,Hocking,12,Baiyang
Alan,De Giorgi,18,Nikol’sk
Lou,Snel,6,Tsapêraī
Regan,Muckersie,2,Bålsta
Merl,Prater,6,Cube
Jacques,Cutting,7,Néa Pélla
Konstantine,Whitehair,27,Bugis
Vincenz,Aisman,30,Taposan
Paulina,Syme,20,Dobruševo
Faydra,Trymme,6,Gaojiazhuang
Jacqueline,Jerrard,25,Deqing
Gardie,Sibborn,7,Talzemt
Woody,Creavan,13,Suruhan
Philly,Simpson,22,San Miguel
Cecily,Raeburn,24,Aţ Ţawāḩīn
Ruthy,Ratke,19,Obispos
Leoline,Grevel,28,Pisaras
Pedro,Buy,6,António Enes
Mada,Audenis,1,Ouro Preto
Kaylee,Simanenko,3,Yaxi
Franni,Adamovicz,27,Querobamba
Eunice,Shilburne,16,Święciechowa
Candis,Blenkharn,14,Burao
Cole,Hardy-Piggin,4,Santa Quitéria do Maranhão
Ginny,Bewicke,6,Ḩājī Khēl
Sheela,Hearse,5,Yuxi
Dorise,Oherlihy,11,San Fernando
Dode,Offield,11,Serowe
Nataniel,Bragginton,1,Cileunyi
Norine,Duthie,22,Bieto
Kit,Absolem,22,Phatthaya
Jannelle,Manvelle,24,Bandhagen
Ansley,Ruck,21,Zhoukou
Brok,McCreagh,10,Batanovtsi
Adriana,Olliar,12,Paraparaumu
Colline,Gladwin,1,Fushë-Bulqizë
Stephannie,Stennine,23,Victoria
Andy,MacGragh,19,Talanga
Myrta,Sparrow,23,Idvor
Nap,Izakson,24,San Diego
Fredra,Baish,30,Gaopi
Anita,Tomsen,1,Tiout
Harman,Scaplehorn,8,Babakan
Muffin,Dehn,10,Fontana
Reggi,Crigin,16,Chengguan
Shawn,Rylatt,17,Mikhaylovka
Linea,Ellerington,1,Cigebrok
Kathe,Scarr,6,Anfeng
Jens,Dell Casa,4,Sandaotong
Bab,Wookey,7,Cà Mau
Jonis,Depper,17,Konakridee
Antoine,Couper,28,Ad Dabbah
Mort,Flaunders,19,Ferdinandovac
Alaine,Kilkenny,3,Bagumbayan
Derek,Kender,1,Dar es Salaam
Renaldo,Atton,6,Ḩalabjah
Guillema,Matityahu,20,Aquia
Ingmar,Cumberpatch,1,Sydney
Waldemar,Thredder,23,Las Palomas
Faith,Pylkynyton,8,Castlemartyr
Sybilla,Zelake,23,Psary
Emmalyn,Elegood,23,Kertahayu
Ricoriki,Ezzell,30,Zhongxin
Spike,Quan,25,Baojia
Rosella,Vinecombe,2,Haodian
Xenia,Campkin,25,Shikou
Mahmud,Wolledge,16,Lagoaça
Sunny,Vassall,19,Huicungo
Florentia,Stares,30,Colcabamba
Fidelity,Elleyne,6,Velké Opatovice
Lindon,Finney,1,Bafoussam
Robby,Readshaw,1,General Conesa
Rurik,Kopelman,15,Melun
Jeannine,Grinyer,18,Tarrafal de São Nicolau
Traci,Elsworth,6,Barapas
Gretchen,Loughlin,29,Hénin-Beaumont
Ainslie,Hubber,10,Las Vegas
Jocelyne,Davidovsky,15,Obolo-Eke (1)
Norris,Sloegrave,10,Maodao
Carr,Anscott,29,Atar
Dacia,Kilbourne,25,Pukou
Verena,Sandyfirth,11,Ma‘bar
Wilie,Bawdon,17,Vurğun
Curr,Chalfant,4,Concepción del Bermejo
Gabriella,Ceschelli,10,Anhua
Artair,Gladdin,22,Al Jubayhah
Lissa,Heild,2,Salamanca
Bernita,Medmore,30,Náchod
Bette-ann,Bauduccio,12,Talok
Elana,Alexandersen,2,Norrköping
Frederich,Cone,11,Baoshui
Vania,M'Quhan,28,Zarya
Philippa,Ledington,2,Oebobo
Fredericka,Doole,6,Pak Phli
Karrah,Griffe,7,Göteborg
Etty,Marczyk,25,Xudat
Elise,Kyteley,30,Kryevidh
Audie,Dudleston,1,Naghalin
Willard,Dallimare,27,Poyang
Gabriel,Dutton,26,Cawayan
Clareta,Queyeiro,20,Shilovo
Cullan,Beere,15,Padas
Karol,Knowler,2,El Zapote
Marleah,Hulatt,19,Imotski
Gennifer,Jimeno,4,Žacléř
Sauveur,Satterly,19,Rathangan
Tana,Lindup,22,Mierzęcice
Vilhelmina,Chimienti,15,Legok
April,Denington,29,Budy
Ava,Kretschmer,5,Phon Charoen
Diarmid,Zincke,2,Cluny
Merissa,Hallwood,9,Horodok
Aubrette,Koschke,22,Chiri-Yurt
Caldwell,Chamberlen,18,Kochenëvo
Town,Nobbs,3,Dongkeng
Tisha,Seabourne,25,Jinglongqiao
Hoyt,Clair,15,Kagoshima-shi
Edi,Twigley,8,Laventure
Emile,Weldrake,28,Holguín
Percy,Swynley,4,La Carlota
Sandro,Bene,10,Hanyin Chengguanzhen
Scarlet,Hymans,25,Yulin
Herc,Simonel,25,Weekombaka
Stan,Gutch,28,Oujiangcha
Perceval,Berthel,4,Markaz-e Woluswalī-ye Āchīn
Greggory,Jalland,30,Jiushe
Anastasie,Warrillow,23,Farmington
Kattie,Semaine,8,Xinhe
Corenda,Andriveau,24,Los Arcos
Allene,Slimings,4,Iiyama
Deva,Faulds,2,Zhongling
Leona,Bauman,20,Qarchī Gak
Bliss,Sexty,11,Bafilo
Dallas,Whichelow,17,Kuragaki-kosugi
Reese,Diehn,10,Powassan
Filide,Willoughby,23,Baini
Darnell,Lodden,5,Quinjalca
Zelig,Hesser,30,Okhansk
Silas,Calles,11,Ossora
Elden,Cettell,23,Naj‘ Ḩammādī
Ginevra,Feirn,7,Otuke
Cate,Pickerin,1,Gowarczów
Francesco,Wanell,23,Taourirt
Norris,Dealey,22,Kovářov
Inigo,Duggan,23,Rafael Perazza
Joell,Scarth,19,Markivka
Jaymie,Stoeckle,2,Pedrogão
Olwen,Stentiford,25,Novorossiysk
Anna-diane,Sambidge,18,Citundun
Abba,Ellaman,27,Vällingby
Brittani,Silliman,6,Mosetse
Dorthea,Lindmark,2,Manjacaze
Essie,Heathwood,9,Donja Dubica
Julian,Dines,30,Ji’an
Ardyce,Alebrooke,14,Orléans
Newton,Scurrell,27,Alcantara
Juan,Smaleman,5,Huixian Chengguanzhen
Hubie,Orton,19,Gogaran
Ardys,Victory,24,Arcueil
Nalani,Van der Brug,4,New York City
Marvin,Deakins,27,Montpellier
Glenine,Swainsbury,2,Gamagōri
Gan,Langstone,8,Rancho Nuevo
Jinny,Lodwig,1,Kuching
Hedda,Membry,1,Jājarm
Corey,Maseyk,1,Velyka Mykhaylivka
Nonnah,Righy,15,Notsé
Nariko,Crosland,1,Daugavpils
Thomasine,Cawtheray,24,Angers
Far,Massie,11,New Glasgow
Anastassia,Clapton,23,Candelaria
Lesya,Joseland,8,Tlogowungu
Patten,Hargreave,15,Jingzhou
Caterina,Rein,12,Puerres
Evelin,Lutzmann,15,Ḩāfiz̧ Moghul
Joshia,Duffett,19,L’govskiy
Etta,Ince,19,Gilowice
Lilias,Blanckley,22,Tsalgar
Andriette,Konzelmann,13,Przytyk
Jacquelin,Coggin,21,Fontana
Kelby,Silber,25,Horqueta
Jobye,Gooderidge,2,Pelabuhanratu
Cosimo,D'eath,12,Negombo
Miguel,Kener,28,Guaíra
Vernon,Philippeaux,22,Letlhakeng
Crissy,Hooban,10,Pondokkaha Kelod
Raye,Beaumont,27,Jiwuwu
Rudy,Bocke,17,Vysehrad
Myrna,Lawday,16,Nevesinje
Seumas,Hirtz,24,Siaya
Mandi,Plumstead,7,Haveliān
Jeri,Bessell,22,Tangwang
Shandie,Barwise,9,Babana
Taylor,Nucciotti,9,Żarki-Letnisko
Kristo,Roxburgh,9,Bohou
Elmore,Flores,5,Świnna
Austine,Snoxall,7,Arnhem
Avrom,Vella,13,Tanjiaqiao
Aviva,Willetts,11,Tevriz
Noami,Croysdale,23,Trafaria
Marven,Wadham,1,Czarków
Moishe,Fassmann,30,Leeuwarden
Arman,Giddings,6,Phnom Penh
Berton,Guiraud,29,Zhangqing
Ignace,Banghe,5,Kitwe
Hillary,Chipperfield,15,Loures
Kayne,Pudsall,21,Syanno
Swen,Orro,24,Xiaohe
Cointon,Hurnell,4,Katsina-Ala
Jacquelynn,Bennen,25,Koukkuniemi
Aileen,Stigers,16,Martingança
Petra,Grinyakin,6,Colca
Melloney,Du Pre,17,Åkersberga
Lawry,Vedyasov,5,Zouila
Beau,Lamplough,16,Narutochō-mitsuishi
Verine,Cowlishaw,20,Nyrkiv
Daisie,Mirando,23,Villaguay
Caryn,Hourihan,19,Sadao
Frankie,Widdows,3,Chiţcani
Tod,Attwooll,11,Sremska Mitrovica
Rania,Crown,19,Jiangqiao
Melisande,Crowther,18,Elista
Glenden,Landeg,21,Komorniki
Huntlee,Linebarger,10,Wang Saphung
Papageno,Cannicott,22,Knyazhichi
Bradley,Gabbott,29,Cimitarra
Jamaal,Smouten,13,Mūsa Khel Bāzār
Halley,Castletine,1,Sölvesborg
Vannie,Formigli,9,Jardin
Georgiana,Bonnin,29,Hanyuan
Rabbi,McCard,3,Shizuishan
Edi,Cansdell,8,Żabieniec
Doloritas,Cruickshank,5,Mont-Royal
Sullivan,Jendricke,24,Vestmanna
Larisa,McQuade,16,Hausjärvi
Penny,Van der Hoeven,29,Gremyachinsk
Jamison,Orrin,19,Floriana
Terrence,Hadcroft,23,Sambuluan
Candi,Shoreson,29,Shangjiangxu
Sharla,Allchin,16,Sozopol
Aura,Gatcliff,4,Jeong
Barrie,Huerta,12,Omoku
Teressa,Gaymar,26,Houston
Essa,Cantu,6,Mahekou
Randy,Noone,14,Lekaj
Emelia,Szabo,16,Saint-Ambroise
Angeline,Povall,23,Turbiv
Stanton,Eggleston,4,Aqtöbe
Baudoin,Ream,26,Tamot
Monika,Bloor,5,Mường Nhé
Valry,Farnhill,21,El Calvario
Wilbur,Lorryman,29,Xiali
Matthieu,Kynsey,22,Genova
Donalt,Bolzen,13,Bingfang
Remy,Dibben,22,Obispos
Bealle,Baxster,10,Paris 10
Selia,Sevitt,13,Haibara
Jack,Wooder,2,Ključ
Muhammad,Rome,9,Atlanta
Martha,Lopes,5,Eloúnda
Ardyth,Calcut,19,Chacarita
Hal,Lindop,2,Chervonopartyzans’k
Terence,Taunton,11,Khonj
Kania,Stickels,6,Miskolc
Frankie,Korting,11,Nanzhen
Edin,Ellicombe,24,Ialoveni
Juana,Thompkins,7,Kafr Zībād
Graig,Kemm,15,Batasan Bata
Isabeau,Luffman,2,Garnich
Johannah,McGragh,25,Yongfu
Veronica,Tarren,16,Nūbā
Kissee,Spehr,21,Pak Phayun
Georgie,Threlfall,16,Garoua
Dianne,Gebb,28,Lengkeng
Hollis,Wessing,29,Kongtian
Roseanna,Rotham,8,Sirāhā
Nester,Rodenburgh,26,Shijia
Frasco,Forth,22,Andros Town
Hervey,Hagerty,1,Novospasskoye
Kendre,Dimmock,5,Ryazan’
Persis,Fishbourne,25,Mahajanga
Arley,Musico,18,Shuikou
Ulrica,Najara,27,Cibingbin
Brigid,Dimitriades,22,Mafeteng
Lucienne,Frick,29,Gislaved
Harlen,Hazleton,20,Khanabad
Eddi,Spennock,24,Prochowice
Ches,Dureden,27,Shangcun
Keith,Camocke,21,Hesheng
Pooh,O'Kinneally,21,Rote
Tiffani,Kleinhaut,11,Fengcheng
Francyne,Dawbery,19,Kissimmee
Dorris,Castellucci,25,Sanhe
Junina,Stubbington,3,Qŭrghonteppa
Devon,Smallbone,11,Yvetot
Burgess,Marco,25,Jamaica
Alaric,Robertsson,17,Krasnogorskiy
Ashlie,Rawdall,27,Cocorná
Free,Ludovici,27,Erdenet
Sanderson,Ughetti,26,Oinófyta
Jeff,Dowgill,5,Sinfra
Anabel,Doughill,13,Mannheim
Miller,Grono,20,Kuleqi
Sapphira,Methuen,19,Kaka
Ellery,Bernade,12,Ponte
Renell,Craigg,17,Valvedditturai
Lawry,Antrobus,6,Tisno
Sibilla,McGlade,20,Shangcunba
Candace,Larway,20,Guaimaca
Currie,Eynald,22,Krasnyye Barrikady
Shelba,Feldstern,4,Ailuk
Winthrop,Calverd,9,Lorengau
Harri,Iwanczyk,6,Gusev
Byram,Corde,15,Monte Francisco
Camila,Longshaw,1,Зуунмод
Courtnay,Vila,7,Bodeh
Minne,Tomaino,17,Hebu
Brod,Alebrooke,24,Bauru
Lisette,Garrat,16,Uuemõisa
Ryann,Glennard,2,Gentilly
Kacie,Matkin,26,Governador Valadares
Inglis,Clewett,5,Krong Pi Nang
Cathie,Gladeche,17,Jianchang
Kaylyn,Sooley,6,Zhufo
Mara,Rilton,7,Shatian
Ara,Crone,18,Dula’er Ewenke Minzu
Moselle,MacNaughton,24,Kirove
Darrelle,Tomovic,6,Vári
Riobard,Rowbotham,14,Amirdzhan
Bruce,Dowson,23,Kanshi
Francklin,Triggel,4,Taohua
Ebeneser,Duignan,21,Sison
Raven,Harsent,19,Baihua
Elianore,Banes,3,Santa María de Caparo
Bendite,Sangra,7,Suchań
Joanie,Seden,21,João Pessoa
Beaufort,Kemshell,10,Łopuszno
Aurlie,Tansey,14,Sovetskaya
Dermot,Rodge,29,Timiryazevskoye
Agata,Noorwood,26,Zhongcun
Josh,Masterton,19,Da’an
Casi,Honsch,30,Cahuanuyo
Victor,Voice,28,Alcanena
Mabelle,Neem,14,Trondheim
Garnet,Malin,10,Kanazawa-shi
Lyda,Cron,24,Chrząstowice
Dianemarie,Simoni,28,Grimstad
Anatollo,Curnucke,27,Cileuya
Tiertza,Gillett,13,Valinhos
Dean,Gobolos,4,‘Akko
Maryjo,Dibble,25,Lesnoy
Abbie,Le Marquis,16,Chai Nat
Jordon,Shetliff,14,Yangchun
Samuel,Klimushev,7,Harrison
Riordan,Timmens,4,Głogów Małopolski
Iorgo,Scanderet,14,Tungguwaneng
Steffi,Annes,14,Sacramento
Zea,O'Haire,20,Asamankese
Percival,Samuels,9,Sawankhalok
Pepillo,Danis,4,Al Tuḩaytā’
Ginevra,Stickells,28,Ulundi
Miles,Sasser,28,Guisser
Junia,Jurs,28,Uherce Mineralne
Cornelia,Gladden,9,Lo Prado
Melosa,Spillard,29,Tremembé
Henryetta,Ridulfo,4,Hengshui
Camile,Branni,4,Yongxing Chengguanzhen
Lucita,Garfirth,14,Biyan
Ingeberg,Maffulli,6,Bang Kaeo
Isidor,Wilmut,13,Kabukarudi
Elroy,Bardill,12,Ishii
Kelvin,Fittes,26,Foumbot
Auberon,Goldsbury,22,Qukuhu
Mandie,Sperski,12,Belogorsk
Reider,Wickham,9,Zalantun
Jillian,Hugk,25,Seria
Baird,Libri,2,Khasht’arrak
Flynn,Kegan,27,Garango
Laurel,Ludgate,25,Mosoc Llacta
Dorri,von Grollmann,10,Hinthada
Melinda,McLoughlin,6,Zwedru
Phylis,Ragate,26,Citampian
Roz,Ashbee,3,Tangtu
Fidelia,Andreassen,9,Oster
Rainer,Iacopini,7,Xiexiong
Desmund,Lauderdale,26,Sundsvall
Siward,Delgaty,15,Yujin
Cliff,McHale,23,Ponte da Pedra
Ortensia,Maciocia,28,Santa Cruz da Graciosa
Beverlee,Mustoo,26,Qızılhacılı
Menard,Stebbings,16,Zhili
Anthe,Cello,16,Maki
Jarad,Harcarse,10,Sladna
Moselle,Junkison,1,Lexington
Ceil,Shimon,2,Yueyang
Gan,Abade,8,Nong Bua
Annmarie,Nower,17,El Guapinol
Igor,Rheubottom,28,Pereira
Juline,Bound,16,Shabqadar
Nerissa,Scargle,23,Yanagawamachi-saiwaichō
Elsey,Knappen,28,Andahuaylas
Rebekkah,Greves,18,Kindersley
Si,Marchello,19,Buenavista
Tani,Ambroisin,22,Shihuang
Demetria,Brain,14,Kanlagay
Nelson,Mandifield,5,Severomorsk
Elaina,Mardoll,13,Karagandy
Moshe,Conniam,24,Stryków
Jenna,Thirkettle,8,Merke
Flossi,Landells,19,Bradashesh
Mariquilla,Quinnette,21,Rurrenabaque
Briant,Valasek,28,Harbour Breton
Kassie,Pinder,7,Łobez
Ricki,Sirette,19,Tabia
Batholomew,Pinchon,17,Bayan Hot
Candie,Luetchford,29,Sajia
Niki,Howlin,11,Paciran
Cally,Readshall,6,Liufeng
Roma,Slowcock,7,Oberá
Norma,Mora,27,Bahāwalnagar
Ulla,Rouke,30,Omuthiya
Cirillo,Chasmoor,12,La Mohammedia
Dene,Jefford,25,Lusacan
Suzy,Godbald,17,Vladivostok
Gerri,Lesurf,18,Xintian
Dukie,Levet,13,Khiliomódhi
Verne,Ruddock,10,Oklahoma City
Marybelle,Lapere,28,Rio das Ostras
Pen,Allon,27,Cajacay
Ruthann,Ratazzi,1,Buin
Emmeline,Drohun,27,Nurlat
Godard,Stienton,2,Hŭngnam
Essa,Rosenzveig,14,Szczaniec
Cyndia,Pester,2,Zhangzhu
Tiphani,Passingham,10,Vitim
Wandie,Thurston,21,Ketanggungan
Travis,Tsar,27,Galapa
Giustino,Beincken,2,Beitan
Laurene,Woolmer,24,Ningmute
Lorettalorna,Tendahl,2,Chendian
Tierney,Hembling,22,Lelystad
Luke,Kitchingman,28,Kontagora
Morty,Hannis,8,Burgeo
Reginauld,Stolz,10,Briceni
Rose,Deverose,4,Valencia
Gerda,Jados,21,Daqian
Vladimir,Manville,27,Pale
Teodoro,Snarie,1,Unisław
Marrissa,Plumtree,25,Santa Ana
Collette,Geraudy,29,Kuanda
Chane,Beatens,8,Seabra
Kimble,Leeves,17,Sandao
Zorine,Kiggel,17,Pärnu-Jaagupi
Stanfield,McNamee,24,Albania
Gifford,Housen,24,Chitose
Melissa,Vaulkhard,6,San Bautista
Torey,Currao,21,Mapalad
Brennen,Cornier,7,Dalai
Nickey,Izhakov,21,Banjar Pasekan
Brooke,Goodisson,28,Tambo
Meghan,Stutte,21,Karangjaladri
Raff,Withrington,21,Xumu
Gwenore,Illsley,27,Bechlín
Loreen,Harradence,6,Plandi
Katina,McClelland,12,Severobaykal’sk
Mala,Harkes,15,Tilburg
Art,Cuberley,10,Dingcheng
Elwood,Gascoigne,1,Tekik Wetan
Jeramie,Pavlenkov,12,Sypniewo
Gawen,Balbeck,17,Zapala
Myranda,Illingworth,1,Dobryatino
Honor,McQuarter,16,Shouxihu
Dillie,Tortoise,20,Maracaju
Paola,Longford,27,Sychëvo
Rodolph,Causton,17,Villa Carlos Paz
Jonell,Mc Mechan,17,Cambrai
Madalena,Dobson,28,Efeng
Stanleigh,Hackney,16,Kedungharjo
Rolando,Cona,10,Al Azraq ash Shamālī
Thane,Clemintoni,13,Calasgasan
Sue,Stoyles,9,Hluhluwe
Elka,Winnard,21,Hengli
Darn,Lambertz,10,Otyń
Fonzie,Ridings,7,Abakan
Idell,Dimmer,23,Bambas
Chryste,Woodhams,25,Chicago
Pieter,Jeal,15,Huanuni
Adina,Detheridge,5,Ekpoma
Yehudit,Struan,10,Pitumarca
Alex,Byrd,16,Bhairāhawā
Maddy,Brydon,9,Cinunjang
Sallie,Halladey,6,Lamawan
Romona,Frye,9,Brea Pozo
Elwood,Kurten,17,São Raimundo Nonato
Hiram,Jeffes,27,Bromma
Gustie,Fibbens,21,Feliciano
Griffy,Paris,21,Sembungan Kidul
Jennette,Kenwell,15,Wushi
Valencia,Hadrill,9,Stavanger
Ursola,Marshallsay,4,San Carlos de Bariloche
Ernesta,Cammoile,4,Bắc Ninh
Wilhelm,Cotes,4,La Joya
Regan,Berriball,20,Piduhe
Darrel,Whiscard,27,Saint Aubin
Gav,Tanman,26,Jianguang
Catherin,Merriman,14,Tsaghkaber
Stacee,Jacquest,19,Haukivuori
Ava,Pixton,2,Honghua’erji
Grazia,Beckhouse,4,Neqāb
Clo,Rocca,15,Sanban
Layton,Braysher,14,Aix-en-Provence
Jorry,Stimpson,9,Carcassonne
Roseanne,Balchin,13,Brejo Santo
Raymund,Baress,13,Kobylanka
Alida,Hunton,11,Sucre
Hannis,Chicchelli,22,Yangtan
Dulsea,Halpeine,12,Jianshan
Dora,Gotobed,12,Oyam
Alma,Cossem,29,Cruzeiro
Silvan,Lattka,6,Kristiansund N
Seamus,Lafuente,15,Žlutice
Aggie,Kunes,6,Thomassique
Cymbre,Morsley,18,Conceição do Coité
Roch,Amoore,28,Pengchang
Quinlan,Mayling,21,Leubatang
Amery,Kier,20,Kobe
Timmie,Jakes,22,Neiba
Jacenta,Joiner,22,Cagnes-sur-Mer
Boony,Robinson,5,Tomarovka
Dicky,Riquet,11,Osekovo
Roanna,Allonby,10,Ijūin
Gelya,Agnew,20,Bambari
Anny,Grumell,6,Solčava
Karina,Strathdee,8,Bayt Ūmmar
Randal,Grutchfield,20,Guarapuava
Alfy,Kennet,3,Imider
Noll,Bedder,2,Guayabo Dulce
Selby,Magog,9,Ladhewāla Warāich
Eugenio,Shyres,12,Mellieħa
King,Burth,22,New York City
Ellie,Gipps,8,Karangbenda
Orsa,Pettis,24,Calde
Jules,Bednall,2,Nová Cerekev
Enoch,Mattiuzzi,21,Nazrēt
Bryant,Seegar,17,Brétigny-sur-Orge
Nicko,Landor,7,Jiaotan
Friedrich,Bonus,17,Gýtheio
Natty,Manthroppe,17,Getulio
Edi,Jeanon,29,Ia Kha
Pate,Cordier,24,Hato Mayor del Rey
Emmett,Kaindl,12,Shankill
Riki,Winpenny,14,Bomadi
Olympie,Escolme,19,Kariat Arkmane
Kevin,Billanie,4,Kuče
Arlin,Teresi,12,Xianchiyu
Cordelie,Pinching,29,Malbork
Elana,Fruen,6,Aisai
Sydel,Domoni,30,Vrané nad Vltavou
Robena,Tassell,11,Xinjian
Seth,Loyns,23,Bailadores
Zachariah,Mattiessen,28,Sindanghayu
Blisse,Mobberley,30,Koga
Keslie,Farrance,14,Jinzhou
Lishe,Patient,19,Italó
Lilllie,Dawtrey,24,Shuangbaiyang
Dasha,McAlister,22,Leeuwarden
Thornie,Dron,9,Qinshi
Donella,MacKeller,9,Bayanhoshuu
Egor,Coat,26,Yelkhovka
Creight,Duplain,26,Lazaro Cardenas
Shepperd,Bayston,9,Qinhe
Cecelia,Goncaves,14,Kauman
Torry,Haburne,9,Ersekë
Kennie,Bradbury,22,Usarin
Kameko,Rubinovitch,15,Nanyi
Annabel,Tebbs,7,Krajan
Karry,covino,17,Rochester
Jacquie,Hibbart,29,Hongxingqiao
Alta,Karslake,16,Jacareí
Nani,Cavy,10,Macha
Chan,Engelmann,6,Örbyhus
Jelene,Shanks,15,Yong’an
Ernie,Shwenn,4,Maputsoe
Drud,Benedikt,7,Panawuan
Swen,Uttridge,14,Huancabamba
Orv,McGinny,1,Ravne na Koroškem
Lauren,Seakings,20,Huayucachi
Danyelle,Mellmer,13,Santa Cecilia
Kurtis,Maddie,20,Herong
Fanechka,Thornthwaite,8,Citeureup
Estell,Arlidge,4,Sablé-sur-Sarthe
Marie-ann,Johnes,2,Salogon
Karlan,Frazer,9,San Antonio
Burke,Winsper,4,Banyliv
Hobart,Placidi,9,Shaogongzhuang
Ram,McAteer,10,Jinshan
Gasparo,Collocott,22,Gajrug
Bernete,Murrum,24,Gradačac
Marillin,Bayford,23,Bocos
Tymon,Lockhead,18,Aminga
Franciska,Doxey,18,Rosthern
Renie,Liggons,19,Rochester
Elinor,Staniforth,15,Shelopugino
Berkly,Blazhevich,22,Huicheng
Lonnie,Batters,5,Valašská Polanka
Zacharias,Macoun,16,Aygestan
Forster,Gerbi,18,Suncun
Keane,Olech,17,Jianli
Grace,Packer,1,Ronglong
Ruben,Nicholls,13,La Sierpe
Zaria,Rugg,30,Celestynów
Yvon,Muzzollo,24,Lospalos
Alva,Ishaki,30,Budakovo
Marcellina,Camies,13,Ampeleíes
Dominic,Gorner,4,Kissónerga
Fredrika,O'Dennehy,6,Tashtagol
Florrie,Rowthorn,8,Réo
Mariam,Haskur,29,Armenokhórion
Grayce,Mabbs,8,Changtang
Kelley,Garvie,5,Jarry
Rosy,Soda,11,Segoro
Darwin,Fogg,22,Fuxi
Hunter,Faccini,22,Privas
Yanaton,Bodsworth,7,Vilhena
Ellyn,Follacaro,7,Fenggao
Sue,Musla,15,Pavia
Jamal,Baddow,2,Dallas
Ikey,Hayland,19,Poříčany
Amil,Foakes,15,Täby
Alisha,Caillou,13,Bukhovo
Charlene,Norheny,7,Jiaohu
Marty,Rosenvasser,9,Beppu
Eldon,D'Alesio,29,Lopar
Tori,Basillon,22,Cangshi
Lalo,Artis,30,Kulaman
Howie,Paolacci,29,Didi Lilo
Malcolm,Guillem,11,Bordeaux
Britney,Faltin,30,Sapucaia
Erin,Lethardy,5,Lucija
Shae,Lorman,15,Solnechnyy
Dona,Nardrup,8,Oslo
Beau,Goldsack,26,Kardamás
Teodora,Neylan,30,Vredendal
Dav,Babst,10,Abade de Neiva
Matilda,Lenox,13,Kemang
Arnoldo,Spiaggia,20,Jasień
Dorotea,Abade,18,Santo Tomás
Rhetta,De Avenell,28,Ngeni
Kris,Pearde,5,Yushanpu
Kirstyn,Creddon,16,Kushovë
Mirabelle,Gamblin,23,Hotaka
Dulsea,Friedlos,10,Amānzī
Annecorinne,Callander,21,Warwick
Tremaine,Poxton,19,Al Ḩīlah
Crysta,MacCracken,13,Tres Arroyos
Paul,Mulbry,14,Ituverava
Loise,Ebunoluwa,2,Nao
Cece,Tesoe,2,Oenam
Dag,Schruyers,1,Dédougou
Woodie,Hillborne,28,Dos Hermanas
Raymond,Foran,16,Huliao
Deck,Varian,6,Zwolle
Armando,Gumery,14,Foros de Salvaterra
Cate,Minihan,6,Santa Ana
Marwin,Meth,12,Tonggakjati
Patrizia,Izchaki,16,Qalyūb
Boot,Auld,15,Lomé
Rossie,Wickie,19,Duncan
Chase,Kennerley,26,Villa Paula de Sarmiento
Emmit,Micheu,12,Klyetsk
Warner,Brownscombe,27,Sembungan Kidul
Gail,Batchelder,6,Nijemci
Prudi,Harraway,30,Tuanzhou
Grantham,Avison,7,Bjästa
Giacobo,Connerly,5,Yangdang
Werner,Gooders,24,Al Ma‘allā’
Susy,Kaliszewski,18,Ngaliyan
Kimmy,Tadgell,13,Greenland
Electra,Angerstein,7,Fangbu
Cathe,Lorenzetto,17,San José de La Montaña
Sidoney,Rentenbeck,14,Phitsanulok
Gram,Farny,3,Crossfield
Adlai,Hinemoor,14,Cabricán
Waylen,Dikle,8,Seiça
Roberta,Rosekilly,20,Néa Kíos
Aurel,Blunsen,19,Cabo Frio
Ursulina,Cleere,18,Jiangyou
Margot,Sayse,10,Jardín
Ceil,Guidetti,18,Aguilar
Alisun,Borzone,17,Zelenokumsk
Claybourne,Tortoise,28,Usulután
Libby,Kiltie,26,Jiuchi
Lanie,MacKettrick,10,Clorinda
Farris,Shirlaw,26,Otok
Shelagh,Dampney,6,Sumberjo
Marielle,Murford,6,Hikone
Carly,Dewick,16,Forssa
Keelby,Rekes,8,Nangang
Tann,Kearns,22,Volta Redonda
Jolyn,Bernardoni,25,Mozelos
Lora,Hanretty,4,Slobidka
Thomas,Jaquemar,1,Tertek
Joye,Spurdens,21,Konibodom
Emelen,Wilprecht,26,Krajan Timur Mlokorejo
Carny,Jakubczyk,7,Gorē
Rodrigo,Marler,20,Paris 02
Lauryn,Aggus,2,Maebashi-shi
Fedora,Basant,13,San Roque
Gaye,Augie,15,Dallas
Shel,Argontt,10,Duas Igrejas
Virge,Wombwell,9,Cikondang
Wren,Di Biasi,2,Tashla
Lewiss,Bernardeschi,7,Chengguan
Tess,Gentsch,12,Delod Pangkung
Coral,Ingledow,11,San Antonio Ilotenango
Lou,Peasnone,15,Jardim
Buckie,Clulow,17,Torino
Ansley,Ghilardi,9,Victoria
Darbie,Schwerin,11,Sangallaya
Kim,Cowill,16,Yulin
Shel,O'Hare,18,Gesing
Micah,Schanke,23,Jackson
Lannie,Freyn,26,Thành Phố Thái Bình
Cissiee,Rumming,12,Jingyang
Lydie,Spencook,20,Nový Bydžov
Jacobo,Rowney,7,Wao
Padraig,Bennike,21,Skuratovskiy
Sandro,Hillock,30,Burnham
Verne,Purchase,18,Šardice
Louise,Cudmore,4,Kajiado
Moss,Lomond,11,Starotitarovskaya
Cheston,Clewett,3,Kafr Qūd
Olia,Aronowitz,18,Jagistay
Ilene,Dewane,12,Watsa
Karalynn,Parcell,22,San Narciso
Nikita,Slaughter,20,Borovoy
Garek,O'Devey,8,Akaki
Charline,Kirdsch,17,Monamon
Cherye,Lowes,13,San Felipe
Lynnett,Wadly,15,Magangué
Peg,Frith,18,Luoshui
Maddi,Huriche,2,Pointe-à-Pitre
Skipper,Bartrum,30,Kadengan
Rodd,Suttell,3,Nyrkiv
Skylar,Morad,3,Ala-Buka
Nellie,Dmiterko,28,Chorente
Holly-anne,Klazenga,10,Chanthaburi
Elladine,Bleier,30,Kakamigahara
Dedie,McDarmid,8,San Lorenzo de Esmeraldas
Dara,Iddy,2,Huangtudian
Evangelia,Windrus,25,Mehron
Brett,Gosart,14,Jingchuan Chengguanzhen
Noach,Order,13,Selmes
Ronda,McEniry,3,Puerto Boyacá
Brett,Brickner,21,Ryazhsk
Christos,Esmond,20,Weixing
Karly,Arden,22,Pomacanchi
Dasi,Dowey,11,Paris 15
Yorker,Slay,16,Matai
Filmore,Foucher,6,Jiangtou
Isiahi,Crookall,26,Tagbacan Ibaba
Glyn,Burnage,25,Myaydo
Parsifal,Splaven,5,Ushirombo
Hulda,Castiello,6,Kebonagung
Louisette,Lewington,27,Barra Velha
Cooper,Abramino,2,Kasserine
Auberon,Dodgshon,10,Aguada de Pasajeros
Corina,Bertouloume,28,Mafa
Samuel,Viney,24,Laocheng
Kynthia,Hubball,15,Hanyuan
Ange,Lighten,14,Gujō
Steward,Strettle,15,Namikupa
Joana,Toon,23,Chuarrancho
Andi,McIlhagga,16,Apeldoorn
Lenka,Bogeys,6,Ballybofey
Lyndsie,Toffanini,23,Esmeraldas
Isahella,Gordon,29,Marquard
Shoshanna,Wickendon,3,Kristiansand S
Say,D'Orsay,30,San Jose
Lorena,Seiler,3,Staré Město
Lorette,Gobeau,26,Katoúna
Jerrie,Kearns,2,Dongdu
Terrie,Gelling,18,Bastia
Clarette,Erricker,28,Ziketan
Alan,Dearness,16,Ban Khlong Bang Sao Thong
Adolphus,Dudderidge,27,Laowobao
Mikel,Dowtry,4,Esperanza
Demetris,Duinbleton,12,Tojal
Ruthe,Whitehead,24,Dvorovi
Lane,Challinor,6,Şabbūrah
Webster,Gissing,17,Kidodi
Paten,Fedorchenko,17,Comodoro Rivadavia
Llewellyn,Hann,22,Matias Olímpio
Branden,Barca,5,Hamburg
Elwood,Privost,4,Makubetsu
Lark,Falconer-Taylor,2,Koatas Lao
Towny,Hamal,15,Espargos
Adda,Craigie,19,Fort Wayne
Rey,Denisevich,10,Krajan
Sheffy,Fayerbrother,3,San José Poaquil
Joell,Dodds,14,Anaheim
Frayda,Apedaile,5,Nanhai
Madeline,Penning,19,Anliang
Rozina,Yard,6,Ciputih
Dale,O'Daly,8,Weiguo
Krystalle,Stringer,20,Huage
Nance,Warton,13,Straszydle
Michaela,Greenlees,14,Quinta da Torre
Margeaux,Pollak,24,Magaozhuang
Saundra,Aikenhead,30,Stockholm
Lilian,Spileman,28,Shewopo
Christyna,Unwins,30,Lobuk
Celinda,Dinsey,8,Manakara
Betsey,Vescovo,22,Grodzisk Mazowiecki
Feliza,Reinisch,1,Imġarr
Elysee,Farnes,30,North York
Sapphire,Lukasik,17,Madīnat Ḩamad
Sonia,Grosvener,6,Salamá
Hobie,Cordy,26,Svedala
Norri,Mowbray,25,Kampot
Elliot,Grinnell,15,Kajaani
Latashia,Bruford,15,Göteborg
Olga,Widocks,10,Yangzhong
Robin,Agirre,3,Sankera
Juli,Rosenblath,10,Lianghekou
Lindy,Neath,14,Castlebridge
Charline,Laurens,24,Acton Vale
Quinton,Harce,22,Ḩalwān
Suzann,Fishley,21,Chanthaburi
Flint,Doge,25,Bandaragung
Alexei,Spilsted,21,Jinhe
Evania,Pember,21,Datun
Bern,Garmston,28,Dragomer
Wilmette,Talkington,3,Yongjiahe
Jeffry,Boyington,20,Maopingchang
Ulrika,Greated,18,Mosjøen
Maison,Stubbley,25,Kadudampit
Mabelle,Beetham,30,Datian
Art,Pickett,28,Zakhim
Madge,Pickance,5,Qiancheng
Gabriel,Millbank,13,Kalabahi
Alejandrina,Tafani,5,Jagistay
Robin,O'Gorman,14,Bakuriani
Jamie,Crackel,28,Los Angeles
Desmund,Oakwell,4,Jiufang
Hugibert,Colley,25,Khelyulya
Ruthe,Arter,30,Totoras
Annecorinne,Amburgy,9,Aroeira
Sabra,Clutram,30,Qingzhou
Pauly,Christoffe,16,Mazongling
Burg,Markl,17,Parang
Parker,Widdowson,6,Kimanuit
Johnnie,Oliva,11,Banaba
Claybourne,Probert,20,Salfīt
Joelie,Beharrell,3,Santa Cruz
Nat,Simionato,27,Lutou
Hanna,MacGovern,27,Kota Bharu
Hillard,Rousel,13,Lakeland
Roseann,Bloore,25,Haibara
Mella,McVane,4,Kabinda
Griffy,Rennie,7,Ningmute
Cele,Leil,15,Czerniewice
Kristoffer,M'cowis,13,Stockholm
Syd,Bolwell,4,Livadiya
Guglielma,Rief,26,Krasnyy Yar
Beverie,Hunter,2,El Potrero
Carney,Hadfield,18,Rogowo
Talia,Denham,11,Nanhai
Karmen,Cullinan,3,Turośń Kościelna
Crissie,Pincott,19,Caoxi
Todd,Nosworthy,25,Fuan
Heinrick,Theriot,20,Ban Kruat
Giustino,Rosterne,23,Pumaqangtang
Armand,Offield,13,Pemzashen
Ali,Trammel,11,Āsmār
Grace,Burgan,9,Vilya
Dita,Lippo,23,Gafanha da Encarnação
Atalanta,Gorgler,11,Georgiyevka
Haskell,Labroue,1,Lelkowo
Lynde,Thay,24,Mtinko
Elsie,Alston,7,Katyuzhanka
Jilleen,Flute,3,Half Way Tree
Demott,Mulbry,27,Le Hochet
Marcellina,Crookston,14,Pergamos
Kala,Simmins,26,Aracati
Ebenezer,Byrch,16,Quillabamba
Buddy,Garrique,24,Zuoxi
Elvyn,Gandar,28,Rovira
Nataniel,Iowarch,21,Aheloy
Dawna,Guiduzzi,22,Kosh-Agach
Grata,Gatehouse,29,Haoyi
Leslie,Kerner,5,Port Nolloth
Conroy,Copelli,13,Lacroix-Saint-Ouen
Tyne,McTerry,10,Shatalovo
Erwin,Jaume,29,Latacunga
Hedwiga,Miller,11,Bala Murghab
Werner,Wiggin,13,La Maná
Philip,Hembry,15,Carhuamayo
Huntley,Laible,2,Paseyan
Lezley,Ricket,11,Mrganush
Lorianna,Chinnery,21,Palmitas
Temp,Physic,25,Mount Ayliff
Ericha,Pilmoor,17,Moose Jaw
Omero,Klaaasen,2,Rokoy
Stormi,Perago,17,Banqiao
Shelia,Petyt,11,Fabianki
Nesta,Renhard,27,Xindu
Vladimir,Myner,19,Yuzawa
Abba,Grebert,11,Yushang
Ramon,Miall,19,Semikarakorsk
Michale,Sollars,1,Jiangxigou
Lanae,Bagot,16,Ruše
Lambert,Nuttey,30,Haninge
Enos,Beine,24,Sennoy
Katha,Gilbride,30,Shibīn al Kawm
Corny,Matts,12,Wujia
Sarette,Woodall,14,Týrnavos
Kerr,Swatman,18,Sananrejo
Damara,Abeau,6,Selopuro
Beatrisa,Mangenet,20,Oxelösund
Robb,Mapother,30,Nanchoc
Codee,Dorrins,10,Sindangkopo
Wang,Heinemann,22,Qiaotou
Patrizio,Dionisi,8,Donghuang
Chaddie,Ballard,4,Tekeli
Sadella,Forsard,17,Leribe
Cecilio,Westbrook,8,Changchun
Sigrid,Husselbee,1,Cikaras
Dix,Thyng,30,Monastyrshchina
Tadd,Heimann,22,Santa Lucia
Mason,Puddefoot,12,Pedro Miguel
Cynde,Saker,22,Tsagaan-Owoo
Staford,Skellern,1,Morden
Caroline,Petters,2,Polyarnyye Zori
Amandie,Ranscombe,7,Łęki
Gun,Zaczek,19,Donostia-San Sebastian
Cy,Seyffert,14,San Ramon
Gilberte,Chucks,10,Zhukovo
Theodosia,Frostick,1,Jonquière
Robbert,Isacq,17,Stupino
Sandye,Grigoryev,26,Silca
Waneta,Choffin,25,Kadurahayu
Elysia,Smee,1,Sanlanbahai
Perice,Jickles,22,Los Nogales
Benedikta,Chatteris,24,Mafinga
Rab,Willstrop,3,Bulgan
Corella,Honig,9,Privolzhskiy
Debee,Mountjoy,24,Lapaz
Allister,Leathem,1,Wedoro
Fawne,Amburgy,22,Lindong
Chrissy,Mattingly,6,Whittier
Twyla,Stapleton,20,Idanre
Rodina,Glison,25,Cisek
Drud,Kenneford,2,Utajärvi
